"AtomicLevel.symbol";"AtomicLevel.level";"AtomicLevel.number";"BindingEnergy";"Reference"
"Li";"1s";3;55.600000000000001 eV;""
"Be";"1s";4;111.8 eV;""
"B";"1s";5;189.40000000000001 eV;""
"C";"1s";6;284.5 eV;""
"N";"1s";7;398.10000000000002 eV;""
"O";"1s";8;531 eV;""
"O";"2s";8;23 eV;""
"F";"1s";9;684.89999999999998 eV;""
"F";"2s";9;30 eV;""
"Ne";"1s";10;863.10000000000002 eV;""
"Ne";"2s";10;41 eV;""
"Ne";"2p";10;14 eV;""
"Na";"1s";11;1071.8 eV;""
"Na";"2s";11;64 eV;""
"Na";"2p";11;31 eV;""
"Mg";"1s";12;1303 eV;""
"Mg";"2s";12;89 eV;""
"Mg";"2p";12;49.799999999999997 eV;""
"Al";"2s";13;118 eV;""
"Al";"2p";13;72.900000000000006 eV;""
"Si";"2s";14;151 eV;""
"Si";"2p";14;99.299999999999997 eV;""
"Si";"2p1/2";14;100 eV;""
"Si";"2p3/2";14;99 eV;""
"P";"2s";15;188 eV;""
"P";"2p";15;130.30000000000001 eV;""
"P";"2p1/2";15;130.69999999999999 eV;""
"P";"2p3/2";15;129.90000000000001 eV;""
"P";"3s";15;14 eV;""
"S";"2s";16;228 eV;""
"S";"2p";16;164.59999999999999 eV;""
"S";"2p1/2";16;165.19999999999999 eV;""
"S";"2p3/2";16;164 eV;""
"S";"3s";16;18 eV;""
"Cl";"2s";17;271 eV;""
"Cl";"2p";17;199.30000000000001 eV;""
"Cl";"2p1/2";17;201.09999999999999 eV;""
"Cl";"2p3/2";17;198.5 eV;""
"Cl";"3s";17;17 eV;""
"Cl";"3p";17;6 eV;""
"Ar";"2s";18;320 eV;""
"Ar";"2p";18;243 eV;""
"Ar";"2p1/2";18;244 eV;""
"Ar";"2p3/2";18;241.90000000000001 eV;""
"Ar";"3s";18;24 eV;""
"K";"2s";19;380 eV;""
"K";"2p1/2";19;297.19999999999999 eV;""
"K";"2p3/2";19;294.39999999999998 eV;""
"K";"3s";19;35 eV;""
"K";"3p";19;19 eV;""
"Ca";"2s";20;440 eV;""
"Ca";"2p1/2";20;350.30000000000001 eV;""
"Ca";"2p3/2";20;346.69999999999999 eV;""
"Ca";"3s";20;45 eV;""
"Ca";"3p";20;26 eV;""
"Sc";"2s";21;499 eV;""
"Sc";"2p";21;401 eV;""
"Sc";"2p1/2";21;403.5 eV;""
"Sc";"2p3/2";21;398.60000000000002 eV;""
"Sc";"3s";21;51 eV;""
"Sc";"3p";21;29 eV;""
"Ti";"2s";22;561 eV;""
"Ti";"2p";22;457 eV;""
"Ti";"2p1/2";22;460.30000000000001 eV;""
"Ti";"2p3/2";22;454.10000000000002 eV;""
"Ti";"3s";22;59 eV;""
"Ti";"3p";22;33 eV;""
"V";"2s";23;626 eV;""
"V";"2p1/2";23;519.79999999999995 eV;""
"V";"2p3/2";23;512.20000000000005 eV;""
"V";"3s";23;66 eV;""
"V";"3p";23;37 eV;""
"Cr";"2s";24;696 eV;""
"Cr";"2p";24;579 eV;""
"Cr";"2p1/2";24;583.60000000000002 eV;""
"Cr";"2p3/2";24;574.39999999999998 eV;""
"Cr";"3s";24;75 eV;""
"Cr";"3p";24;43 eV;""
"Mn";"2s";25;769 eV;""
"Mn";"2p";25;644 eV;""
"Mn";"2p1/2";25;650 eV;""
"Mn";"2p3/2";25;639 eV;""
"Mn";"3s";25;83 eV;""
"Mn";"3p";25;48 eV;""
"Fe";"2s";26;845 eV;""
"Fe";"2p1/2";26;720.10000000000002 eV;""
"Fe";"2p3/2";26;707 eV;""
"Fe";"3s";26;92 eV;""
"Fe";"3p";26;53 eV;""
"Co";"2s";27;925 eV;""
"Co";"2p";27;785 eV;""
"Co";"2p1/2";27;793.29999999999995 eV;""
"Co";"2p3/2";27;778.29999999999995 eV;""
"Co";"3s";27;101 eV;""
"Co";"3p";27;60 eV;""
"Ni";"2s";28;1009 eV;""
"Ni";"2p";28;861 eV;""
"Ni";"2p1/2";28;870 eV;""
"Ni";"2p3/2";28;852.70000000000005 eV;""
"Ni";"3s";28;111 eV;""
"Ni";"3p";28;67 eV;""
"Cu";"2s";29;1097 eV;""
"Cu";"2p1/2";29;952.5 eV;""
"Cu";"2p3/2";29;932.66999999999996 eV;""
"Cu";"3s";29;123 eV;""
"Cu";"3p";29;76 eV;""
"Cu";"3p1/2";29;77 eV;""
"Cu";"3p3/2";29;75.140000000000001 eV;""
"Zn";"2s";30;1195 eV;""
"Zn";"2p1/2";30;1044.8 eV;""
"Zn";"2p3/2";30;1021.8 eV;""
"Zn";"3s";30;140 eV;""
"Zn";"3p1/2";30;91 eV;""
"Zn";"3p3/2";30;89 eV;""
"Zn";"3d";30;10 eV;""
"Ga";"2s";31;1301 eV;""
"Ga";"2p1/2";31;1143.5 eV;""
"Ga";"2p3/2";31;1116.7 eV;""
"Ga";"3s";31;160 eV;""
"Ga";"3p";31;106 eV;""
"Ga";"3p1/2";31;107 eV;""
"Ga";"3p3/2";31;104 eV;""
"Ga";"3d";31;19 eV;""
"Ge";"2p1/2";32;1248 eV;""
"Ge";"2p3/2";32;1217 eV;""
"Ge";"3s";32;181 eV;""
"Ge";"3p";32;124 eV;""
"Ge";"3p1/2";32;126 eV;""
"Ge";"3p3/2";32;122 eV;""
"Ge";"3d";32;29.399999999999999 eV;""
"Ge";"3d3/2";32;30 eV;""
"Ge";"3d5/2";32;29 eV;""
"As";"2p1/2";33;1359 eV;""
"As";"2p3/2";33;1324 eV;""
"As";"3s";33;205 eV;""
"As";"3p1/2";33;146 eV;""
"As";"3p3/2";33;141 eV;""
"As";"3d";33;42 eV;""
"As";"3d3/2";33;42.299999999999997 eV;""
"As";"3d5/2";33;41.600000000000001 eV;""
"Se";"3s";34;232 eV;""
"Se";"3p1/2";34;169 eV;""
"Se";"3p3/2";34;163 eV;""
"Se";"3d";34;56.100000000000001 eV;""
"Se";"3d3/2";34;56.5 eV;""
"Se";"3d5/2";34;55.600000000000001 eV;""
"Br";"3s";35;256 eV;""
"Br";"3p1/2";35;189 eV;""
"Br";"3p3/2";35;182 eV;""
"Br";"3d";35;69.299999999999997 eV;""
"Br";"3d3/2";35;69.900000000000006 eV;""
"Br";"3d5/2";35;68.799999999999997 eV;""
"Br";"4s";35;15 eV;""
"Br";"4p";35;5 eV;""
"Kr";"3s";36;287 eV;""
"Kr";"3p";36;212 eV;""
"Kr";"3p1/2";36;216 eV;""
"Kr";"3p3/2";36;208 eV;""
"Kr";"3d";36;87.799999999999997 eV;""
"Kr";"3d3/2";36;88.200000000000003 eV;""
"Kr";"3d5/2";36;87 eV;""
"Kr";"4s";36;21 eV;""
"Kr";"4p";36;8 eV;""
"Rb";"3s";37;325 eV;""
"Rb";"3p";37;244 eV;""
"Rb";"3p1/2";37;249 eV;""
"Rb";"3p3/2";37;240 eV;""
"Rb";"3d";37;112.3 eV;""
"Rb";"3d3/2";37;113 eV;""
"Rb";"3d5/2";37;111.5 eV;""
"Rb";"4s";37;31 eV;""
"Rb";"4p";37;16 eV;""
"Sr";"3s";38;360 eV;""
"Sr";"3p";38;273 eV;""
"Sr";"3p1/2";38;281 eV;""
"Sr";"3p3/2";38;270 eV;""
"Sr";"3d";38;135.19999999999999 eV;""
"Sr";"3d3/2";38;136.09999999999999 eV;""
"Sr";"3d5/2";38;134.30000000000001 eV;""
"Sr";"4s";38;39 eV;""
"Sr";"4p";38;21 eV;""
"Y";"3s";39;394 eV;""
"Y";"3p";39;305 eV;""
"Y";"3p1/2";39;311 eV;""
"Y";"3p3/2";39;299 eV;""
"Y";"3d";39;157 eV;""
"Y";"3d3/2";39;158.09999999999999 eV;""
"Y";"3d5/2";39;156 eV;""
"Y";"4s";39;45 eV;""
"Y";"4p";39;24 eV;""
"Zr";"3s";40;430 eV;""
"Zr";"3p1/2";40;343 eV;""
"Zr";"3p3/2";40;330 eV;""
"Zr";"3d";40;180.09999999999999 eV;""
"Zr";"3d3/2";40;181.30000000000001 eV;""
"Zr";"3d5/2";40;178.90000000000001 eV;""
"Zr";"4s";40;51 eV;""
"Zr";"4p";40;28 eV;""
"Nb";"3s";41;467 eV;""
"Nb";"3p1/2";41;376 eV;""
"Nb";"3p3/2";41;361 eV;""
"Nb";"3d";41;203.80000000000001 eV;""
"Nb";"3d3/2";41;205.09999999999999 eV;""
"Nb";"3d5/2";41;202.40000000000001 eV;""
"Nb";"4s";41;56 eV;""
"Nb";"4p";41;31 eV;""
"Mo";"3s";42;506 eV;""
"Mo";"3p1/2";42;412 eV;""
"Mo";"3p3/2";42;394 eV;""
"Mo";"3d";42;229.59999999999999 eV;""
"Mo";"3d3/2";42;231.09999999999999 eV;""
"Mo";"3d5/2";42;228 eV;""
"Mo";"4s";42;63 eV;""
"Mo";"4p";42;36 eV;""
"Tc";"3s";43;544 eV;""
"Tc";"3p1/2";43;445 eV;""
"Tc";"3p3/2";43;425 eV;""
"Tc";"3d3/2";43;257 eV;""
"Tc";"3d5/2";43;253 eV;""
"Tc";"4s";43;68 eV;""
"Tc";"4p";43;39 eV;""
"Ru";"3s";44;586 eV;""
"Ru";"3p1/2";44;484 eV;""
"Ru";"3p3/2";44;462 eV;""
"Ru";"3d3/2";44;284.30000000000001 eV;""
"Ru";"3d5/2";44;280.10000000000002 eV;""
"Ru";"4s";44;75 eV;""
"Ru";"4p";44;43 eV;""
"Rh";"3s";45;629 eV;""
"Rh";"3p1/2";45;521 eV;""
"Rh";"3p3/2";45;497 eV;""
"Rh";"3d3/2";45;311.89999999999998 eV;""
"Rh";"3d5/2";45;307.19999999999999 eV;""
"Rh";"4s";45;81 eV;""
"Rh";"4p";45;48 eV;""
"Pd";"3s";46;671 eV;""
"Pd";"3p1/2";46;560 eV;""
"Pd";"3p3/2";46;533 eV;""
"Pd";"3d3/2";46;340.39999999999998 eV;""
"Pd";"3d5/2";46;335.10000000000002 eV;""
"Pd";"4s";46;88 eV;""
"Pd";"4p";46;52 eV;""
"Ag";"3s";47;719 eV;""
"Ag";"3p1/2";47;604 eV;""
"Ag";"3p3/2";47;573 eV;""
"Ag";"3d3/2";47;374.25999999999999 eV;""
"Ag";"3d5/2";47;368.25999999999999 eV;""
"Ag";"4s";47;98 eV;""
"Ag";"4p";47;60 eV;""
"Cd";"3s";48;772 eV;""
"Cd";"3p1/2";48;652 eV;""
"Cd";"3p3/2";48;618 eV;""
"Cd";"3d";48;408 eV;""
"Cd";"3d3/2";48;411.80000000000001 eV;""
"Cd";"3d5/2";48;405.10000000000002 eV;""
"Cd";"4s";48;110 eV;""
"Cd";"4p";48;69 eV;""
"Cd";"4d";48;11 eV;""
"In";"3s";49;828 eV;""
"In";"3p1/2";49;703 eV;""
"In";"3p3/2";49;665 eV;""
"In";"3d3/2";49;451.39999999999998 eV;""
"In";"3d5/2";49;443.89999999999998 eV;""
"In";"4s";49;123 eV;""
"In";"4p";49;78 eV;""
"In";"4d";49;17 eV;""
"Sn";"3s";50;885 eV;""
"Sn";"3p1/2";50;757 eV;""
"Sn";"3p3/2";50;715 eV;""
"Sn";"3d3/2";50;493.39999999999998 eV;""
"Sn";"3d5/2";50;485 eV;""
"Sn";"4s";50;137 eV;""
"Sn";"4p";50;89 eV;""
"Sn";"4d";50;25 eV;""
"Sb";"3s";51;944 eV;""
"Sb";"3p1/2";51;813 eV;""
"Sb";"3p3/2";51;767 eV;""
"Sb";"3d3/2";51;537.60000000000002 eV;""
"Sb";"3d5/2";51;528.29999999999995 eV;""
"Sb";"4s";51;153 eV;""
"Sb";"4p";51;99 eV;""
"Sb";"4d";51;33 eV;""
"Te";"3s";52;1009 eV;""
"Te";"3p1/2";52;871 eV;""
"Te";"3p3/2";52;820 eV;""
"Te";"3d3/2";52;583.5 eV;""
"Te";"3d5/2";52;573.10000000000002 eV;""
"Te";"4s";52;170 eV;""
"Te";"4p";52;111 eV;""
"Te";"4d";52;41.5 eV;""
"Te";"4d3/2";52;42 eV;""
"Te";"4d5/2";52;41 eV;""
"Te";"5s";52;12 eV;""
"I";"3s";53;1071 eV;""
"I";"3p1/2";53;930 eV;""
"I";"3p3/2";53;875 eV;""
"I";"3d3/2";53;630.79999999999995 eV;""
"I";"3d5/2";53;619.29999999999995 eV;""
"I";"4s";53;187 eV;""
"I";"4p";53;123 eV;""
"I";"4d";53;50 eV;""
"I";"4d3/2";53;51 eV;""
"I";"4d5/2";53;49 eV;""
"I";"5s";53;17 eV;""
"Xe";"3s";54;1141 eV;""
"Xe";"3p1/2";54;996 eV;""
"Xe";"3p3/2";54;934 eV;""
"Xe";"3d3/2";54;682.39999999999998 eV;""
"Xe";"3d5/2";54;669.70000000000005 eV;""
"Xe";"4s";54;207 eV;""
"Xe";"4p";54;139 eV;""
"Xe";"4d3/2";54;63 eV;""
"Xe";"4d5/2";54;61 eV;""
"Xe";"5s";54;17 eV;""
"Cs";"3s";55;1219 eV;""
"Cs";"3p1/2";55;1069 eV;""
"Cs";"3p3/2";55;1002 eV;""
"Cs";"3d3/2";55;740.29999999999995 eV;""
"Cs";"3d5/2";55;726.39999999999998 eV;""
"Cs";"4s";55;234 eV;""
"Cs";"4p1/2";55;173 eV;""
"Cs";"4p3/2";55;161 eV;""
"Cs";"4d3/2";55;80 eV;""
"Cs";"4d5/2";55;77 eV;""
"Cs";"5s";55;25 eV;""
"Ba";"3s";56;1292 eV;""
"Ba";"3p1/2";56;1138 eV;""
"Ba";"3p3/2";56;1064 eV;""
"Ba";"3d3/2";56;795.89999999999998 eV;""
"Ba";"3d5/2";56;780.60000000000002 eV;""
"Ba";"4s";56;254 eV;""
"Ba";"4p1/2";56;193 eV;""
"Ba";"4p3/2";56;179 eV;""
"Ba";"4d3/2";56;93 eV;""
"Ba";"4d5/2";56;90 eV;""
"Ba";"5s";56;31 eV;""
"Ba";"5p";56;15 eV;""
"La";"3p1/2";57;1208 eV;""
"La";"3p3/2";57;1128 eV;""
"La";"3d3/2";57;852.60000000000002 eV;""
"La";"3d5/2";57;835.79999999999995 eV;""
"La";"4s";57;275 eV;""
"La";"4p1/2";57;213 eV;""
"La";"4p3/2";57;197 eV;""
"La";"4d3/2";57;106 eV;""
"La";"4d5/2";57;103 eV;""
"La";"5s";57;34 eV;""
"La";"5p";57;17 eV;""
"Ce";"3p1/2";58;1272 eV;""
"Ce";"3p3/2";58;1184 eV;""
"Ce";"3d3/2";58;901.89999999999998 eV;""
"Ce";"3d5/2";58;883.79999999999995 eV;""
"Ce";"4s";58;290 eV;""
"Ce";"4p1/2";58;223 eV;""
"Ce";"4p3/2";58;207 eV;""
"Ce";"4d3/2";58;112 eV;""
"Ce";"4d5/2";58;109 eV;""
"Ce";"5s";58;36 eV;""
"Ce";"5p";58;18 eV;""
"Pr";"3p1/2";59;1339 eV;""
"Pr";"3p3/2";59;1242 eV;""
"Pr";"3d3/2";59;952.20000000000005 eV;""
"Pr";"3d5/2";59;931.79999999999995 eV;""
"Pr";"4s";59;305 eV;""
"Pr";"4p1/2";59;234 eV;""
"Pr";"4p3/2";59;218 eV;""
"Pr";"4d";59;115 eV;""
"Pr";"5s";59;38 eV;""
"Pr";"5p";59;18 eV;""
"Nd";"3p1/2";60;1301 eV;""
"Nd";"3d3/2";60;1003.4 eV;""
"Nd";"3d5/2";60;980.79999999999995 eV;""
"Nd";"4s";60;320 eV;""
"Nd";"4p1/2";60;245 eV;""
"Nd";"4p3/2";60;228 eV;""
"Nd";"4d";60;121 eV;""
"Nd";"5s";60;39 eV;""
"Nd";"5p";60;19 eV;""
"Pm";"3d3/2";61;1060 eV;""
"Pm";"3d5/2";61;1034 eV;""
"Pm";"4s";61;337 eV;""
"Pm";"4p1/2";61;264 eV;""
"Pm";"4p3/2";61;242 eV;""
"Pm";"4d";61;129 eV;""
"Pm";"5s";61;38 eV;""
"Pm";"5p";61;22 eV;""
"Sm";"3d3/2";62;1107.9000000000001 eV;""
"Sm";"3d5/2";62;1081.0999999999999 eV;""
"Sm";"4s";62;349 eV;""
"Sm";"4p1/2";62;283 eV;""
"Sm";"4p3/2";62;250 eV;""
"Sm";"4d";62;129 eV;""
"Sm";"5s";62;41 eV;""
"Sm";"5p";62;19 eV;""
"Eu";"3d3/2";63;1155.4000000000001 eV;""
"Eu";"3d5/2";63;1125.5999999999999 eV;""
"Eu";"4s";63;363 eV;""
"Eu";"4p1/2";63;289 eV;""
"Eu";"4p3/2";63;255 eV;""
"Eu";"4d";63;128 eV;""
"Eu";"5s";63;39 eV;""
"Eu";"5p";63;19 eV;""
"Gd";"3d3/2";64;1218 eV;""
"Gd";"3d5/2";64;1186 eV;""
"Gd";"4s";64;378 eV;""
"Gd";"4p1/2";64;291 eV;""
"Gd";"4p3/2";64;272 eV;""
"Gd";"4d";64;140.40000000000001 eV;""
"Gd";"4f";64;8 eV;""
"Gd";"5s";64;43 eV;""
"Gd";"5p";64;21 eV;""
"Tb";"3d3/2";65;1276 eV;""
"Tb";"3d5/2";65;1241 eV;""
"Tb";"4s";65;396 eV;""
"Tb";"4p1/2";65;322 eV;""
"Tb";"4p3/2";65;285 eV;""
"Tb";"4d";65;146 eV;""
"Tb";"4f";65;8 eV;""
"Tb";"5s";65;45 eV;""
"Tb";"5p";65;22 eV;""
"Dy";"3d3/2";66;1333 eV;""
"Dy";"3d5/2";66;1296 eV;""
"Dy";"4s";66;417 eV;""
"Dy";"4p1/2";66;337 eV;""
"Dy";"4p3/2";66;297 eV;""
"Dy";"4d";66;152.40000000000001 eV;""
"Dy";"4f";66;8 eV;""
"Dy";"5s";66;48 eV;""
"Dy";"5p";66;23 eV;""
"Ho";"3d3/2";67;1393 eV;""
"Ho";"3d5/2";67;1352 eV;""
"Ho";"4s";67;435 eV;""
"Ho";"4p1/2";67;353 eV;""
"Ho";"4p3/2";67;309 eV;""
"Ho";"4d";67;159.59999999999999 eV;""
"Ho";"4f";67;9 eV;""
"Ho";"5s";67;49 eV;""
"Ho";"5p1/2";67;30 eV;""
"Ho";"5p3/2";67;24 eV;""
"Er";"4s";68;451 eV;""
"Er";"4p1/2";68;368 eV;""
"Er";"4p3/2";68;321 eV;""
"Er";"4d";68;167.30000000000001 eV;""
"Er";"4f";68;9 eV;""
"Er";"5s";68;52 eV;""
"Er";"5p1/2";68;31 eV;""
"Er";"5p3/2";68;24 eV;""
"Tm";"4s";69;470 eV;""
"Tm";"4p1/2";69;384 eV;""
"Tm";"4p3/2";69;333 eV;""
"Tm";"4d";69;175.40000000000001 eV;""
"Tm";"4f";69;8 eV;""
"Tm";"5s";69;53 eV;""
"Tm";"5p1/2";69;32 eV;""
"Tm";"5p3/2";69;25 eV;""
"Yb";"4s";70;482 eV;""
"Yb";"4p1/2";70;389 eV;""
"Yb";"4p3/2";70;341 eV;""
"Yb";"4d";70;182.40000000000001 eV;""
"Yb";"4f";70;3 eV;""
"Yb";"5s";70;51 eV;""
"Yb";"5p1/2";70;30 eV;""
"Yb";"5p3/2";70;24 eV;""
"Lu";"4s";71;509 eV;""
"Lu";"4p1/2";71;413 eV;""
"Lu";"4p3/2";71;360 eV;""
"Lu";"4d3/2";71;206 eV;""
"Lu";"4d5/2";71;196 eV;""
"Lu";"4f5/2";71;8.8000000000000007 eV;""
"Lu";"4f7/2";71;7.2999999999999998 eV;""
"Lu";"5s";71;57 eV;""
"Lu";"5p1/2";71;34 eV;""
"Lu";"5p3/2";71;27 eV;""
"Hf";"4s";72;534 eV;""
"Hf";"4p1/2";72;437 eV;""
"Hf";"4p3/2";72;380 eV;""
"Hf";"4d3/2";72;222 eV;""
"Hf";"4d5/2";72;211 eV;""
"Hf";"4f";72;15 eV;""
"Hf";"4f5/2";72;16 eV;""
"Hf";"4f7/2";72;14.300000000000001 eV;""
"Hf";"5s";72;63 eV;""
"Hf";"5p1/2";72;38 eV;""
"Hf";"5p3/2";72;30 eV;""
"Ta";"4s";73;563 eV;""
"Ta";"4p1/2";73;463 eV;""
"Ta";"4p3/2";73;401 eV;""
"Ta";"4d3/2";73;238 eV;""
"Ta";"4d5/2";73;226 eV;""
"Ta";"4f";73;22 eV;""
"Ta";"4f5/2";73;23.800000000000001 eV;""
"Ta";"4f7/2";73;21.899999999999999 eV;""
"Ta";"5s";73;69 eV;""
"Ta";"5p1/2";73;43 eV;""
"Ta";"5p3/2";73;33 eV;""
"W";"4s";74;594 eV;""
"W";"4p1/2";74;491 eV;""
"W";"4p3/2";74;424 eV;""
"W";"4d3/2";74;256 eV;""
"W";"4d5/2";74;243 eV;""
"W";"4f";74;32 eV;""
"W";"4f5/2";74;33.600000000000001 eV;""
"W";"4f7/2";74;31.399999999999999 eV;""
"W";"5s";74;75 eV;""
"W";"5p1/2";74;47 eV;""
"W";"5p3/2";74;37 eV;""
"Re";"4s";75;625 eV;""
"Re";"4p1/2";75;518 eV;""
"Re";"4p3/2";75;446 eV;""
"Re";"4d3/2";75;274 eV;""
"Re";"4d5/2";75;260 eV;""
"Re";"4f5/2";75;42.700000000000003 eV;""
"Re";"4f7/2";75;40.299999999999997 eV;""
"Re";"5s";75;99 eV;""
"Os";"4s";76;658 eV;""
"Os";"4p1/2";76;548 eV;""
"Os";"4p3/2";76;471 eV;""
"Os";"4d3/2";76;293 eV;""
"Os";"4d5/2";76;279 eV;""
"Os";"4f5/2";76;53.399999999999999 eV;""
"Os";"4f7/2";76;50.700000000000003 eV;""
"Os";"5s";76;89 eV;""
"Os";"5p";76;44 eV;""
"Ir";"4s";77;692 eV;""
"Ir";"4p1/2";77;578 eV;""
"Ir";"4p3/2";77;495 eV;""
"Ir";"4d3/2";77;312 eV;""
"Ir";"4d5/2";77;297 eV;""
"Ir";"4f5/2";77;63.899999999999999 eV;""
"Ir";"4f7/2";77;60.899999999999999 eV;""
"Ir";"5s";77;96 eV;""
"Ir";"5p";77;48 eV;""
"Pt";"4s";78;725 eV;""
"Pt";"4p1/2";78;609 eV;""
"Pt";"4p3/2";78;520 eV;""
"Pt";"4d3/2";78;332 eV;""
"Pt";"4d5/2";78;315 eV;""
"Pt";"4f5/2";78;74.5 eV;""
"Pt";"4f7/2";78;71.200000000000003 eV;""
"Pt";"5s";78;103 eV;""
"Pt";"5p";78;52 eV;""
"Au";"4s";79;763 eV;""
"Au";"4p1/2";79;643 eV;""
"Au";"4p3/2";79;547 eV;""
"Au";"4d3/2";79;353 eV;""
"Au";"4d5/2";79;335 eV;""
"Au";"4f5/2";79;87.700000000000003 eV;""
"Au";"4f7/2";79;83.980000000000004 eV;""
"Au";"5s";79;110 eV;""
"Au";"5p1/2";79;74 eV;""
"Au";"5p3/2";79;57 eV;""
"Hg";"4s";80;805 eV;""
"Hg";"4p1/2";80;682 eV;""
"Hg";"4p3/2";80;579 eV;""
"Hg";"4d3/2";80;381 eV;""
"Hg";"4d5/2";80;361 eV;""
"Hg";"4f5/2";80;105.09999999999999 eV;""
"Hg";"4f7/2";80;101 eV;""
"Hg";"5s";80;125 eV;""
"Hg";"5p1/2";80;85 eV;""
"Hg";"5p3/2";80;67 eV;""
"Hg";"5d3/2";80;12 eV;""
"Hg";"5d5/2";80;10 eV;""
"Tl";"4s";81;847 eV;""
"Tl";"4p1/2";81;720 eV;""
"Tl";"4p3/2";81;610 eV;""
"Tl";"4d3/2";81;406 eV;""
"Tl";"4d5/2";81;385 eV;""
"Tl";"4f5/2";81;122.09999999999999 eV;""
"Tl";"4f7/2";81;117.7 eV;""
"Tl";"5s";81;133 eV;""
"Tl";"5p1/2";81;95 eV;""
"Tl";"5p3/2";81;74 eV;""
"Tl";"5d3/2";81;15 eV;""
"Tl";"5d5/2";81;13 eV;""
"Pb";"4s";82;893 eV;""
"Pb";"4p1/2";82;762 eV;""
"Pb";"4p3/2";82;644 eV;""
"Pb";"4d3/2";82;434 eV;""
"Pb";"4d5/2";82;412 eV;""
"Pb";"4f";82;139 eV;""
"Pb";"4f5/2";82;141.80000000000001 eV;""
"Pb";"4f7/2";82;136.90000000000001 eV;""
"Pb";"5s";82;150 eV;""
"Pb";"5p1/2";82;107 eV;""
"Pb";"5p3/2";82;84 eV;""
"Pb";"5d3/2";82;21 eV;""
"Pb";"5d5/2";82;18 eV;""
"Bi";"4s";83;940 eV;""
"Bi";"4p1/2";83;806 eV;""
"Bi";"4p3/2";83;679 eV;""
"Bi";"4d3/2";83;464 eV;""
"Bi";"4d5/2";83;440 eV;""
"Bi";"4f";83;160 eV;""
"Bi";"4f5/2";83;162.30000000000001 eV;""
"Bi";"4f7/2";83;157 eV;""
"Bi";"5s";83;161 eV;""
"Bi";"5p1/2";83;119 eV;""
"Bi";"5p3/2";83;93 eV;""
"Bi";"5d3/2";83;27 eV;""
"Bi";"5d5/2";83;24 eV;""
"Th";"4s";90;1330 eV;""
"Th";"4p1/2";90;1170 eV;""
"Th";"4p3/2";90;965 eV;""
"Th";"4d3/2";90;713 eV;""
"Th";"4d5/2";90;676 eV;""
"Th";"4f";90;338 eV;""
"Th";"4f5/2";90;342.5 eV;""
"Th";"4f7/2";90;333.19999999999999 eV;""
"Th";"5s";90;294 eV;""
"Th";"5p1/2";90;234 eV;""
"Th";"5p3/2";90;177 eV;""
"Th";"5d3/2";90;93 eV;""
"Th";"5d5/2";90;85 eV;""
"Th";"6s";90;42 eV;""
"Th";"6p1/2";90;25 eV;""
"Th";"6p";90;17 eV;""
"U";"4p1/2";92;1272 eV;""
"U";"4p3/2";92;1043 eV;""
"U";"4d3/2";92;779 eV;""
"U";"4d5/2";92;736 eV;""
"U";"4f";92;383 eV;""
"U";"4f5/2";92;388.19999999999999 eV;""
"U";"4f7/2";92;377.30000000000001 eV;""
"U";"5s";92;322 eV;""
"U";"5p1/2";92;260 eV;""
"U";"5p3/2";92;195 eV;""
"U";"5d3/2";92;103 eV;""
"U";"5d5/2";92;94 eV;""
"U";"6s";92;44 eV;""
"U";"6p1/2";92;26 eV;""
"U";"6p3/2";92;17 eV;""
"Np";"4p1/2";93;1327 eV;""
"Np";"4p3/2";93;1086 eV;""
"Np";"4d3/2";93;816 eV;""
"Np";"4d5/2";93;771 eV;""
"Np";"4f5/2";93;414 eV;""
"Np";"4f7/2";93;402 eV;""
"Np";"5p";93;206 eV;""
"Np";"5d";93;101 eV;""
"Np";"6p1/2";93;29 eV;""
"Np";"6p3/2";93;18 eV;""
"Pu";"4p1/2";94;1121 eV;""
"Pu";"4d3/2";94;850 eV;""
"Pu";"4d5/2";94;802 eV;""
"Pu";"4f5/2";94;439 eV;""
"Pu";"4f7/2";94;427 eV;""
"Pu";"5p";94;216 eV;""
"Pu";"5d";94;105 eV;""
"Pu";"6p1/2";94;31 eV;""
"Pu";"6p3/2";94;18 eV;""
"Am";"4d3/2";95;883 eV;""
"Am";"4d5/2";95;832 eV;""
"Am";"4f5/2";95;463 eV;""
"Am";"4f7/2";95;449 eV;""
"Am";"5s";95;351 eV;""
"Am";"5p";95;216 eV;""
"Am";"5d3/2";95;119 eV;""
"Am";"5d5/2";95;109 eV;""
"Am";"6p1/2";95;31 eV;""
"Am";"6p3/2";95;18 eV;""
"Cm";"4d3/2";96;919 eV;""
"Cm";"4d5/2";96;865 eV;""
"Cm";"4f5/2";96;487 eV;""
"Cm";"4f7/2";96;473 eV;""
"Cm";"5p";96;232 eV;""
"Cm";"5d";96;113 eV;""
"Cm";"6p1/2";96;32 eV;""
"Cm";"6p3/2";96;18 eV;""
"Bk";"4d3/2";97;958 eV;""
"Bk";"4d5/2";97;901 eV;""
"Bk";"4f5/2";97;514 eV;""
"Bk";"4f7/2";97;498 eV;""
"Bk";"5p";97;246 eV;""
"Bk";"5d";97;120 eV;""
"Bk";"6p1/2";97;34 eV;""
"Bk";"6p3/2";97;18 eV;""
"Cf";"4d3/2";98;994 eV;""
"Cf";"4d5/2";98;933 eV;""
"Cf";"4f5/2";98;541 eV;""
"Cf";"4f7/2";98;523 eV;""
"Cf";"5d";98;124 eV;""
"Cf";"6p1/2";98;35 eV;""
"Cf";"6p3/2";98;19 eV;""
"K";"2p";19;295.30000000000001 eV;""
"Ca";"2p";20;347.89999999999998 eV;""
"V";"2p";23;514.70000000000005 eV;""
"Fe";"2p";26;711.39999999999998 eV;""
"Cu";"2p";29;939.29999999999995 eV;""
"Zn";"2p";30;1029.5 eV;""
"Zn";"3p";30;89.700000000000003 eV;""
"Ga";"2p";31;1125.5999999999999 eV;""
"Ge";"2p";32;1227.3 eV;""
"As";"2p";33;1335.7 eV;""
"As";"3p";33;142.69999999999999 eV;""
"Se";"3p";34;165 eV;""
"Br";"3p";35;184.30000000000001 eV;""
"Zr";"3p";40;334.30000000000001 eV;""
"Nb";"3p";41;366 eV;""
"Mo";"3p";42;400 eV;""
"Tc";"3p";43;431.69999999999999 eV;""
"Tc";"3d";43;254.59999999999999 eV;""
"Ru";"3p";44;469.30000000000001 eV;""
"Ru";"3d";44;281.80000000000001 eV;""
"Rh";"3p";45;505 eV;""
"Rh";"3d";45;309.10000000000002 eV;""
"Pd";"3p";46;542 eV;""
"Pd";"3d";46;337.19999999999999 eV;""
"Ag";"3p";47;583.29999999999995 eV;""
"Ag";"3d";47;370.69999999999999 eV;""
"Cd";"3p";48;629.29999999999995 eV;""
"In";"3p";49;677.70000000000005 eV;""
"In";"3d";49;446.89999999999998 eV;""
"Sn";"3p";50;729 eV;""
"Sn";"3d";50;488.39999999999998 eV;""
"Sb";"3p";51;782.29999999999995 eV;""
"Sb";"3d";51;532 eV;""
"Te";"3p";52;837 eV;""
"Te";"3d";52;577.29999999999995 eV;""
"I";"3p";53;893.29999999999995 eV;""
"I";"3d";53;623.89999999999998 eV;""
"Xe";"3p";54;954.70000000000005 eV;""
"Xe";"3d";54;674.79999999999995 eV;""
"Xe";"4d";54;61.799999999999997 eV;""
"Cs";"3p";55;1024.3 eV;""
"Cs";"3d";55;732 eV;""
"Cs";"4p";55;165 eV;""
"Cs";"4d";55;78.200000000000003 eV;""
"Ba";"3p";56;1088.7 eV;""
"Ba";"3d";56;786.70000000000005 eV;""
"Ba";"4p";56;183.69999999999999 eV;""
"Ba";"4d";56;91.200000000000003 eV;""
"La";"3p";57;1154.7 eV;""
"La";"3d";57;842.5 eV;""
"La";"4p";57;202.30000000000001 eV;""
"La";"4d";57;104.2 eV;""
"Ce";"3p";58;1213.3 eV;""
"Ce";"3d";58;891 eV;""
"Ce";"4p";58;212.30000000000001 eV;""
"Ce";"4d";58;110.2 eV;""
"Pr";"3p";59;1274.3 eV;""
"Pr";"3d";59;940 eV;""
"Pr";"4p";59;223.30000000000001 eV;""
"Nd";"3d";60;989.79999999999995 eV;""
"Nd";"4p";60;233.69999999999999 eV;""
"Pm";"3d";61;1044.4000000000001 eV;""
"Pm";"4p";61;249.30000000000001 eV;""
"Sm";"3d";62;1091.8 eV;""
"Sm";"4p";62;261 eV;""
"Eu";"3d";63;1137.5 eV;""
"Eu";"4p";63;266.30000000000001 eV;""
"Gd";"3d";64;1198.8 eV;""
"Gd";"4p";64;278.30000000000001 eV;""
"Tb";"3d";65;1255 eV;""
"Tb";"4p";65;297.30000000000001 eV;""
"Dy";"3d";66;1310.8 eV;""
"Dy";"4p";66;310.30000000000001 eV;""
"Ho";"3d";67;1368.4000000000001 eV;""
"Ho";"4p";67;323.69999999999999 eV;""
"Ho";"5p";67;26 eV;""
"Er";"4p";68;336.69999999999999 eV;""
"Er";"5p";68;26.300000000000001 eV;""
"Tm";"4p";69;350 eV;""
"Tm";"5p";69;27.300000000000001 eV;""
"Yb";"4p";70;357 eV;""
"Yb";"5p";70;26 eV;""
"Lu";"4p";71;377.69999999999999 eV;""
"Lu";"4d";71;200 eV;""
"Lu";"4f";71;7.9000000000000004 eV;""
"Lu";"5p";71;29.300000000000001 eV;""
"Hf";"4p";72;399 eV;""
"Hf";"4d";72;215.40000000000001 eV;""
"Hf";"5p";72;32.700000000000003 eV;""
"Ta";"4p";73;421.69999999999999 eV;""
"Ta";"4d";73;230.80000000000001 eV;""
"Ta";"5p";73;36.299999999999997 eV;""
"W";"4p";74;446.30000000000001 eV;""
"W";"4d";74;248.19999999999999 eV;""
"W";"5p";74;40.299999999999997 eV;""
"Re";"4p";75;470 eV;""
"Re";"4d";75;265.60000000000002 eV;""
"Re";"4f";75;41.299999999999997 eV;""
"Os";"4p";76;496.69999999999999 eV;""
"Os";"4d";76;284.60000000000002 eV;""
"Os";"4f";76;51.899999999999999 eV;""
"Ir";"4p";77;522.70000000000005 eV;""
"Ir";"4d";77;303 eV;""
"Ir";"4f";77;62.200000000000003 eV;""
"Pt";"4p";78;549.70000000000005 eV;""
"Pt";"4d";78;321.80000000000001 eV;""
"Pt";"4f";78;72.599999999999994 eV;""
"Au";"4p";79;579 eV;""
"Au";"4d";79;342.19999999999999 eV;""
"Au";"4f";79;85.599999999999994 eV;""
"Au";"5p";79;62.700000000000003 eV;""
"Hg";"4p";80;613.29999999999995 eV;""
"Hg";"4d";80;369 eV;""
"Hg";"4f";80;102.8 eV;""
"Hg";"5p";80;73 eV;""
"Hg";"5d";80;10.800000000000001 eV;""
"Tl";"4p";81;646.70000000000005 eV;""
"Tl";"4d";81;393.39999999999998 eV;""
"Tl";"4f";81;119.59999999999999 eV;""
"Tl";"5p";81;81 eV;""
"Tl";"5d";81;13.800000000000001 eV;""
"Pb";"4p";82;683.29999999999995 eV;""
"Pb";"4d";82;420.80000000000001 eV;""
"Pb";"5p";82;91.700000000000003 eV;""
"Pb";"5d";82;19.199999999999999 eV;""
"Bi";"4p";83;721.29999999999995 eV;""
"Bi";"4d";83;449.60000000000002 eV;""
"Bi";"5p";83;101.7 eV;""
"Bi";"5d";83;25.199999999999999 eV;""
"Th";"4p";90;1033.3 eV;""
"Th";"4d";90;690.79999999999995 eV;""
"Th";"5p";90;196 eV;""
"Th";"5d";90;88.200000000000003 eV;""
"U";"4p";92;1119.3 eV;""
"U";"4d";92;753.20000000000005 eV;""
"U";"5p";92;216.69999999999999 eV;""
"U";"5d";92;97.599999999999994 eV;""
"U";"6p";92;20 eV;""
"Np";"4p";93;1166.3 eV;""
"Np";"4d";93;789 eV;""
"Np";"4f";93;407.10000000000002 eV;""
"Np";"6p";93;21.699999999999999 eV;""
"Pu";"4d";94;821.20000000000005 eV;""
"Pu";"4f";94;432.10000000000002 eV;""
"Pu";"6p";94;22.300000000000001 eV;""
"Am";"4d";95;852.39999999999998 eV;""
"Am";"4f";95;455 eV;""
"Am";"5d";95;113 eV;""
"Am";"6p";95;22.300000000000001 eV;""
"Cm";"4d";96;886.60000000000002 eV;""
"Cm";"4f";96;479 eV;""
"Cm";"6p";96;22.699999999999999 eV;""
"Bk";"4d";97;923.79999999999995 eV;""
"Bk";"4f";97;504.89999999999998 eV;""
"Bk";"6p";97;23.300000000000001 eV;""
"Cf";"4d";98;957.39999999999998 eV;""
"Cf";"4f";98;530.70000000000005 eV;""
"Cf";"6p";98;24.300000000000001 eV;""
